,command
0,"LogEntry(term=29, command='sav')"
1,"LogEntry(term=29, command='asvxz ')"
2,"LogEntry(term=29, command='czxcaw')"
3,"LogEntry(term=29, command='drbdn ')"
4,"LogEntry(term=33, command='szv')"
5,"LogEntry(term=36, command='asc')"
6,"LogEntry(term=36, command='xzczxc')"
7,"LogEntry(term=37, command='asdv')"
8,"LogEntry(term=37, command='sac')"
9,"LogEntry(term=37, command='saczxc')"
10,"LogEntry(term=37, command='savasf')"
11,"LogEntry(term=37, command='SCAC')"
12,"LogEntry(term=37, command='safasf')"
13,"LogEntry(term=37, command='Z zszvsav')"
14,"LogEntry(term=37, command='z Z ')"
